Si,Mn,P,S,Al,Cu,Cr,Ni,ELEMENTS,T_MAX,T_MIN,T_AVE,RH_MIN,RH_AVE,SUNSHINE,TOW,PRECIPIT,WIND_MAX,WIND_AVE,SOLAR,UV,CHLORIDE,SO2,TIME,Corrosion rate
0.003,0.003,0.0006,0.0007,0.001,0.009,0.005,0.003,0.0253,35,-7.2,14.5,37,77.5,1457.6,4670,1344.5,12,2.5,5740,246.9,3.3,5.3,1,0.0161
0.003,0.003,0.0006,0.0007,0.001,0.009,0.005,0.003,0.0253,32.2,-5.5,15.3,50.5,79,1828.9,4908.6,1511.5,16.1,3.5,4193.3,301.7,32.3,5.1,1,0.0484
0.003,0.003,0.0006,0.0007,0.001,0.009,0.005,0.003,0.0253,33.4,9.2,24,57,79,1701.4,5248.6,2314,20.9,4.7,5229,338.1,45.8,2.1,1,0.0583
0.003,0.003,0.0006,0.0007,0.001,0.009,0.005,0.003,0.0253,35.9,-6.3,15.1,37,77.5,1457.6,4670,1138.5,14,2.3,5740,246.9,3.3,5.3,2,0.0132
0.003,0.003,0.0006,0.0007,0.001,0.009,0.005,0.003,0.0253,32.4,-5.5,15.1,45.7,78.7,1880.3,4835,1484.8,15.8,3.4,4352,307.2,31.2,5.5,2,0.0445
0.003,0.003,0.0006,0.0007,0.001,0.009,0.005,0.003,0.0253,33.2,9.8,23.9,58,79.7,1677.6,5369.8,2321,27.8,4.6,5207.2,351.7,42.3,2.3,2,0.0544
0.003,0.003,0.0006,0.0007,0.001,0.009,0.005,0.003,0.0253,36.3,-6.4,15.3,37,77.5,1457.6,4670,1103.1,11.7,2.1,5740.6,246.9,3.3,5.3,3,0.0127
0.003,0.003,0.0006,0.0007,0.001,0.009,0.005,0.003,0.0253,32.3,-5.9,14.9,44.3,78.5,1913,4788.5,1515.4,17,3.3,4539.7,304.1,33.4,6.1,3,0.0451
0.003,0.003,0.0006,0.0007,0.001,0.009,0.005,0.003,0.0253,33.4,9.7,23.9,56.8,79.3,1706,5275.2,2302.3,29,4.5,5295.5,355.8,43.9,2.2,3,0.0916
0.003,0.003,0.0006,0.0007,0.001,0.009,0.005,0.003,0.0253,36.7,-5.3,15.5,33.5,75.8,1457.6,4339.2,1160.5,9.1,1.7,6274.2,272.9,2.8,4.3,7,0.0088
0.003,0.003,0.0006,0.0007,0.001,0.009,0.005,0.003,0.0253,32.4,-6.5,14.6,42.9,77.9,1952.9,4670.2,1687.1,20.8,3.1,4875.1,303.1,34.7,5.3,7,0.0454
0.003,0.003,0.0006,0.0007,0.001,0.009,0.005,0.003,0.0253,33.6,8.5,23.8,55.9,79.1,1775.4,5235.5,1914.5,33.5,4.3,5212,357.3,47.9,2.3,7,0.1471
0.003,0.003,0.0006,0.0007,0.001,0.009,0.005,0.003,0.0253,36.6,-4.4,15.3,26.9,74.6,1457.6,4088.1,1270.1,10.6,1.5,4182.8,181.9,2.8,3.7,10,0.0067
0.003,0.003,0.0006,0.0007,0.001,0.009,0.005,0.003,0.0253,32.6,-6.1,14.7,35.2,77.6,1894,4629.3,1791.1,23.6,3,4901.4,294,32,4.9,10,0.0396
0.003,0.003,0.0006,0.0007,0.001,0.009,0.005,0.003,0.0253,33.9,8.6,23.9,50,78.5,1759.4,5113.3,1898.7,32.3,4.2,5260.1,349.3,49.2,2.4,10,0.1984
0.003,0.01,0.0003,0.0001,0.001,0.009,0.005,0.98,1.0084,35,-7.2,14.5,37,77.5,1457.6,4670,1344.5,12,2.5,5740,246.9,3.3,5.3,1,0.0114
0.003,0.01,0.0003,0.0001,0.001,0.009,0.005,0.98,1.0084,32.2,-5.5,15.3,50.5,79,1828.9,4908.6,1511.5,16.1,3.5,4193.3,301.7,32.3,5.1,1,0.0371
0.003,0.01,0.0003,0.0001,0.001,0.009,0.005,0.98,1.0084,33.4,9.2,24,57,79,1701.4,5248.6,2314,20.9,4.7,5229,338.1,45.8,2.1,1,0.0385
0.003,0.01,0.0003,0.0001,0.001,0.009,0.005,0.98,1.0084,35.9,-6.3,15.1,37,77.5,1457.6,4670,1138.5,14,2.3,5740,246.9,3.3,5.3,2,0.0087
0.003,0.01,0.0003,0.0001,0.001,0.009,0.005,0.98,1.0084,32.4,-5.5,15.1,45.7,78.7,1880.3,4835,1484.8,15.8,3.4,4352,307.2,31.2,5.5,2,0.0264
0.003,0.01,0.0003,0.0001,0.001,0.009,0.005,0.98,1.0084,33.2,9.8,23.9,58,79.7,1677.6,5369.8,2321,27.8,4.6,5207.2,351.7,42.3,2.3,2,0.0273
0.003,0.01,0.0003,0.0001,0.001,0.009,0.005,0.98,1.0084,36.3,-6.4,15.3,37,77.5,1457.6,4670,1103.1,11.7,2.1,5740.6,246.9,3.3,5.3,3,0.0095
0.003,0.01,0.0003,0.0001,0.001,0.009,0.005,0.98,1.0084,32.3,-5.9,14.9,44.3,78.5,1913,4788.5,1515.4,17,3.3,4539.7,304.1,33.4,6.1,3,0.0234
0.003,0.01,0.0003,0.0001,0.001,0.009,0.005,0.98,1.0084,33.4,9.7,23.9,56.8,79.3,1706,5275.2,2302.3,29,4.5,5295.5,355.8,43.9,2.2,3,0.0348
0.003,0.01,0.0003,0.0001,0.001,0.009,0.005,0.98,1.0084,36.7,-5.3,15.5,33.5,75.8,1457.6,4339.2,1160.5,9.1,1.7,6274.2,272.9,2.8,4.3,7,0.0063
0.003,0.01,0.0003,0.0001,0.001,0.009,0.005,0.98,1.0084,32.4,-6.5,14.6,42.9,77.9,1952.9,4670.2,1687.1,20.8,3.1,4875.1,303.1,34.7,5.3,7,0.0181
0.003,0.01,0.0003,0.0001,0.001,0.009,0.005,0.98,1.0084,33.6,8.5,23.8,55.9,79.1,1775.4,5235.5,1914.5,33.5,4.3,5212,357.3,47.9,2.3,7,0.0385
0.003,0.01,0.0003,0.0001,0.001,0.009,0.005,0.98,1.0084,36.6,-4.4,15.3,26.9,74.6,1457.6,4088.1,1270.1,10.6,1.5,4182.8,181.9,2.8,3.7,10,0.005
0.003,0.01,0.0003,0.0001,0.001,0.009,0.005,0.98,1.0084,32.6,-6.1,14.7,35.2,77.6,1894,4629.3,1791.1,23.6,3,4901.4,294,32,4.9,10,0.0158
0.003,0.01,0.0003,0.0001,0.001,0.009,0.005,0.98,1.0084,33.9,8.6,23.9,50,78.5,1759.4,5113.3,1898.7,32.3,4.2,5260.1,349.3,49.2,2.4,10,0.0752
0.003,0.01,0.0005,0.0002,0.001,0.009,0.005,3.02,3.0487,35,-7.2,14.5,37,77.5,1457.6,4670,1344.5,12,2.5,5740,246.9,3.3,5.3,1,0.0107
0.003,0.01,0.0005,0.0002,0.001,0.009,0.005,3.02,3.0487,32.2,-5.5,15.3,50.5,79,1828.9,4908.6,1511.5,16.1,3.5,4193.3,301.7,32.3,5.1,1,0.0449
0.003,0.01,0.0005,0.0002,0.001,0.009,0.005,3.02,3.0487,33.4,9.2,24,57,79,1701.4,5248.6,2314,20.9,4.7,5229,338.1,45.8,2.1,1,0.029
0.003,0.01,0.0005,0.0002,0.001,0.009,0.005,3.02,3.0487,35.9,-6.3,15.1,37,77.5,1457.6,4670,1138.5,14,2.3,5740,246.9,3.3,5.3,2,0.0072
0.003,0.01,0.0005,0.0002,0.001,0.009,0.005,3.02,3.0487,32.4,-5.5,15.1,45.7,78.7,1880.3,4835,1484.8,15.8,3.4,4352,307.2,31.2,5.5,2,0.0304
0.003,0.01,0.0005,0.0002,0.001,0.009,0.005,3.02,3.0487,33.2,9.8,23.9,58,79.7,1677.6,5369.8,2321,27.8,4.6,5207.2,351.7,42.3,2.3,2,0.0202
0.003,0.01,0.0005,0.0002,0.001,0.009,0.005,3.02,3.0487,36.3,-6.4,15.3,37,77.5,1457.6,4670,1103.1,11.7,2.1,5740.6,246.9,3.3,5.3,3,0.0077
0.003,0.01,0.0005,0.0002,0.001,0.009,0.005,3.02,3.0487,32.3,-5.9,14.9,44.3,78.5,1913,4788.5,1515.4,17,3.3,4539.7,304.1,33.4,6.1,3,0.028
0.003,0.01,0.0005,0.0002,0.001,0.009,0.005,3.02,3.0487,33.4,9.7,23.9,56.8,79.3,1706,5275.2,2302.3,29,4.5,5295.5,355.8,43.9,2.2,3,0.0212
0.003,0.01,0.0005,0.0002,0.001,0.009,0.005,3.02,3.0487,36.7,-5.3,15.5,33.5,75.8,1457.6,4339.2,1160.5,9.1,1.7,6274.2,272.9,2.8,4.3,7,0.0052
0.003,0.01,0.0005,0.0002,0.001,0.009,0.005,3.02,3.0487,32.4,-6.5,14.6,42.9,77.9,1952.9,4670.2,1687.1,20.8,3.1,4875.1,303.1,34.7,5.3,7,0.0335
0.003,0.01,0.0005,0.0002,0.001,0.009,0.005,3.02,3.0487,33.6,8.5,23.8,55.9,79.1,1775.4,5235.5,1914.5,33.5,4.3,5212,357.3,47.9,2.3,7,0.0175
0.003,0.01,0.0005,0.0002,0.001,0.009,0.005,3.02,3.0487,36.6,-4.4,15.3,26.9,74.6,1457.6,4088.1,1270.1,10.6,1.5,4182.8,181.9,2.8,3.7,10,0.004
0.003,0.01,0.0005,0.0002,0.001,0.009,0.005,3.02,3.0487,32.6,-6.1,14.7,35.2,77.6,1894,4629.3,1791.1,23.6,3,4901.4,294,32,4.9,10,0.0088
0.003,0.01,0.0005,0.0002,0.001,0.009,0.005,3.02,3.0487,33.9,8.6,23.9,50,78.5,1759.4,5113.3,1898.7,32.3,4.2,5260.1,349.3,49.2,2.4,10,0.0244
0.003,0.11,0.0006,0.0003,0.001,0.009,0.005,5.01,5.1389,35,-7.2,14.5,37,77.5,1457.6,4670,1344.5,12,2.5,5740,246.9,3.3,5.3,1,0.0109
0.003,0.11,0.0006,0.0003,0.001,0.009,0.005,5.01,5.1389,32.2,-5.5,15.3,50.5,79,1828.9,4908.6,1511.5,16.1,3.5,4193.3,301.7,32.3,5.1,1,0.0204
0.003,0.11,0.0006,0.0003,0.001,0.009,0.005,5.01,5.1389,33.4,9.2,24,57,79,1701.4,5248.6,2314,20.9,4.7,5229,338.1,45.8,2.1,1,0.0241
0.003,0.11,0.0006,0.0003,0.001,0.009,0.005,5.01,5.1389,35.9,-6.3,15.1,37,77.5,1457.6,4670,1138.5,14,2.3,5740,246.9,3.3,5.3,2,0.006
0.003,0.11,0.0006,0.0003,0.001,0.009,0.005,5.01,5.1389,32.4,-5.5,15.1,45.7,78.7,1880.3,4835,1484.8,15.8,3.4,4352,307.2,31.2,5.5,2,0.0147
0.003,0.11,0.0006,0.0003,0.001,0.009,0.005,5.01,5.1389,33.2,9.8,23.9,58,79.7,1677.6,5369.8,2321,27.8,4.6,5207.2,351.7,42.3,2.3,2,0.017
0.003,0.11,0.0006,0.0003,0.001,0.009,0.005,5.01,5.1389,36.3,-6.4,15.3,37,77.5,1457.6,4670,1103.1,11.7,2.1,5740.6,246.9,3.3,5.3,3,0.0067
0.003,0.11,0.0006,0.0003,0.001,0.009,0.005,5.01,5.1389,32.3,-5.9,14.9,44.3,78.5,1913,4788.5,1515.4,17,3.3,4539.7,304.1,33.4,6.1,3,0.0125
0.003,0.11,0.0006,0.0003,0.001,0.009,0.005,5.01,5.1389,33.4,9.7,23.9,56.8,79.3,1706,5275.2,2302.3,29,4.5,5295.5,355.8,43.9,2.2,3,0.0168
0.003,0.11,0.0006,0.0003,0.001,0.009,0.005,5.01,5.1389,36.7,-5.3,15.5,33.5,75.8,1457.6,4339.2,1160.5,9.1,1.7,6274.2,272.9,2.8,4.3,7,0.0047
0.003,0.11,0.0006,0.0003,0.001,0.009,0.005,5.01,5.1389,32.4,-6.5,14.6,42.9,77.9,1952.9,4670.2,1687.1,20.8,3.1,4875.1,303.1,34.7,5.3,7,0.0086
0.003,0.11,0.0006,0.0003,0.001,0.009,0.005,5.01,5.1389,33.6,8.5,23.8,55.9,79.1,1775.4,5235.5,1914.5,33.5,4.3,5212,357.3,47.9,2.3,7,0.0127
0.003,0.11,0.0006,0.0003,0.001,0.009,0.005,5.01,5.1389,36.6,-4.4,15.3,26.9,74.6,1457.6,4088.1,1270.1,10.6,1.5,4182.8,181.9,2.8,3.7,10,0.0035
0.003,0.11,0.0006,0.0003,0.001,0.009,0.005,5.01,5.1389,32.6,-6.1,14.7,35.2,77.6,1894,4629.3,1791.1,23.6,3,4901.4,294,32,4.9,10,0.007
0.003,0.11,0.0006,0.0003,0.001,0.009,0.005,5.01,5.1389,33.9,8.6,23.9,50,78.5,1759.4,5113.3,1898.7,32.3,4.2,5260.1,349.3,49.2,2.4,10,0.0125
0.003,0.12,0.0005,0.0003,0.001,0.009,0.005,9.06,9.1988,35,-7.2,14.5,37,77.5,1457.6,4670,1344.5,12,2.5,5740,246.9,3.3,5.3,1,0.0043
0.003,0.12,0.0005,0.0003,0.001,0.009,0.005,9.06,9.1988,32.2,-5.5,15.3,50.5,79,1828.9,4908.6,1511.5,16.1,3.5,4193.3,301.7,32.3,5.1,1,0.0134
0.003,0.12,0.0005,0.0003,0.001,0.009,0.005,9.06,9.1988,33.4,9.2,24,57,79,1701.4,5248.6,2314,20.9,4.7,5229,338.1,45.8,2.1,1,0.0187
0.003,0.12,0.0005,0.0003,0.001,0.009,0.005,9.06,9.1988,35.9,-6.3,15.1,37,77.5,1457.6,4670,1138.5,14,2.3,5740,246.9,3.3,5.3,2,0.0035
0.003,0.12,0.0005,0.0003,0.001,0.009,0.005,9.06,9.1988,32.4,-5.5,15.1,45.7,78.7,1880.3,4835,1484.8,15.8,3.4,4352,307.2,31.2,5.5,2,0.0106
0.003,0.12,0.0005,0.0003,0.001,0.009,0.005,9.06,9.1988,33.2,9.8,23.9,58,79.7,1677.6,5369.8,2321,27.8,4.6,5207.2,351.7,42.3,2.3,2,0.0131
0.003,0.12,0.0005,0.0003,0.001,0.009,0.005,9.06,9.1988,36.3,-6.4,15.3,37,77.5,1457.6,4670,1103.1,11.7,2.1,5740.6,246.9,3.3,5.3,3,0.0046
0.003,0.12,0.0005,0.0003,0.001,0.009,0.005,9.06,9.1988,32.3,-5.9,14.9,44.3,78.5,1913,4788.5,1515.4,17,3.3,4539.7,304.1,33.4,6.1,3,0.0098
0.003,0.12,0.0005,0.0003,0.001,0.009,0.005,9.06,9.1988,33.4,9.7,23.9,56.8,79.3,1706,5275.2,2302.3,29,4.5,5295.5,355.8,43.9,2.2,3,0.013
0.003,0.12,0.0005,0.0003,0.001,0.009,0.005,9.06,9.1988,36.7,-5.3,15.5,33.5,75.8,1457.6,4339.2,1160.5,9.1,1.7,6274.2,272.9,2.8,4.3,7,0.0038
0.003,0.12,0.0005,0.0003,0.001,0.009,0.005,9.06,9.1988,32.4,-6.5,14.6,42.9,77.9,1952.9,4670.2,1687.1,20.8,3.1,4875.1,303.1,34.7,5.3,7,0.0067
0.003,0.12,0.0005,0.0003,0.001,0.009,0.005,9.06,9.1988,33.6,8.5,23.8,55.9,79.1,1775.4,5235.5,1914.5,33.5,4.3,5212,357.3,47.9,2.3,7,0.0095
0.003,0.12,0.0005,0.0003,0.001,0.009,0.005,9.06,9.1988,36.6,-4.4,15.3,26.9,74.6,1457.6,4088.1,1270.1,10.6,1.5,4182.8,181.9,2.8,3.7,10,0.0031
0.003,0.12,0.0005,0.0003,0.001,0.009,0.005,9.06,9.1988,32.6,-6.1,14.7,35.2,77.6,1894,4629.3,1791.1,23.6,3,4901.4,294,32,4.9,10,0.0054
0.003,0.12,0.0005,0.0003,0.001,0.009,0.005,9.06,9.1988,33.9,8.6,23.9,50,78.5,1759.4,5113.3,1898.7,32.3,4.2,5260.1,349.3,49.2,2.4,10,0.0081
0.003,0.07,0.001,0.0002,0.001,0.009,1.01,0.003,1.0972,35,-7.2,14.5,37,77.5,1457.6,4670,1344.5,12,2.5,5740,246.9,3.3,5.3,1,0.0216
0.003,0.07,0.001,0.0002,0.001,0.009,1.01,0.003,1.0972,32.2,-5.5,15.3,50.5,79,1828.9,4908.6,1511.5,16.1,3.5,4193.3,301.7,32.3,5.1,1,0.0568
0.003,0.07,0.001,0.0002,0.001,0.009,1.01,0.003,1.0972,33.4,9.2,24,57,79,1701.4,5248.6,2314,20.9,4.7,5229,338.1,45.8,2.1,1,0.0637
0.003,0.07,0.001,0.0002,0.001,0.009,1.01,0.003,1.0972,35.9,-6.3,15.1,37,77.5,1457.6,4670,1138.5,14,2.3,5740,246.9,3.3,5.3,2,0.0129
0.003,0.07,0.001,0.0002,0.001,0.009,1.01,0.003,1.0972,32.4,-5.5,15.1,45.7,78.7,1880.3,4835,1484.8,15.8,3.4,4352,307.2,31.2,5.5,2,0.0415
0.003,0.07,0.001,0.0002,0.001,0.009,1.01,0.003,1.0972,33.2,9.8,23.9,58,79.7,1677.6,5369.8,2321,27.8,4.6,5207.2,351.7,42.3,2.3,2,0.0396
0.003,0.07,0.001,0.0002,0.001,0.009,1.01,0.003,1.0972,36.3,-6.4,15.3,37,77.5,1457.6,4670,1103.1,11.7,2.1,5740.6,246.9,3.3,5.3,3,0.0118
0.003,0.07,0.001,0.0002,0.001,0.009,1.01,0.003,1.0972,32.3,-5.9,14.9,44.3,78.5,1913,4788.5,1515.4,17,3.3,4539.7,304.1,33.4,6.1,3,0.0444
0.003,0.07,0.001,0.0002,0.001,0.009,1.01,0.003,1.0972,33.4,9.7,23.9,56.8,79.3,1706,5275.2,2302.3,29,4.5,5295.5,355.8,43.9,2.2,3,0.0624
0.003,0.07,0.001,0.0002,0.001,0.009,1.01,0.003,1.0972,36.7,-5.3,15.5,33.5,75.8,1457.6,4339.2,1160.5,9.1,1.7,6274.2,272.9,2.8,4.3,7,0.0083
0.003,0.07,0.001,0.0002,0.001,0.009,1.01,0.003,1.0972,32.4,-6.5,14.6,42.9,77.9,1952.9,4670.2,1687.1,20.8,3.1,4875.1,303.1,34.7,5.3,7,0.0416
0.003,0.07,0.001,0.0002,0.001,0.009,1.01,0.003,1.0972,33.6,8.5,23.8,55.9,79.1,1775.4,5235.5,1914.5,33.5,4.3,5212,357.3,47.9,2.3,7,0.0916
0.003,0.07,0.001,0.0002,0.001,0.009,1.01,0.003,1.0972,36.6,-4.4,15.3,26.9,74.6,1457.6,4088.1,1270.1,10.6,1.5,4182.8,181.9,2.8,3.7,10,0.0061
0.003,0.07,0.001,0.0002,0.001,0.009,1.01,0.003,1.0972,32.6,-6.1,14.7,35.2,77.6,1894,4629.3,1791.1,23.6,3,4901.4,294,32,4.9,10,0.0379
0.003,0.07,0.001,0.0002,0.001,0.009,1.01,0.003,1.0972,33.9,8.6,23.9,50,78.5,1759.4,5113.3,1898.7,32.3,4.2,5260.1,349.3,49.2,2.4,10,0.141
0.003,0.05,0.0007,0.0001,0.001,0.009,3.05,0.003,3.1168,35,-7.2,14.5,37,77.5,1457.6,4670,1344.5,12,2.5,5740,246.9,3.3,5.3,1,0.0203
0.003,0.05,0.0007,0.0001,0.001,0.009,3.05,0.003,3.1168,32.2,-5.5,15.3,50.5,79,1828.9,4908.6,1511.5,16.1,3.5,4193.3,301.7,32.3,5.1,1,0.0523
0.003,0.05,0.0007,0.0001,0.001,0.009,3.05,0.003,3.1168,33.4,9.2,24,57,79,1701.4,5248.6,2314,20.9,4.7,5229,338.1,45.8,2.1,1,0.0556
0.003,0.05,0.0007,0.0001,0.001,0.009,3.05,0.003,3.1168,35.9,-6.3,15.1,37,77.5,1457.6,4670,1138.5,14,2.3,5740,246.9,3.3,5.3,2,0.0093
0.003,0.05,0.0007,0.0001,0.001,0.009,3.05,0.003,3.1168,32.4,-5.5,15.1,45.7,78.7,1880.3,4835,1484.8,15.8,3.4,4352,307.2,31.2,5.5,2,0.0327
0.003,0.05,0.0007,0.0001,0.001,0.009,3.05,0.003,3.1168,33.2,9.8,23.9,58,79.7,1677.6,5369.8,2321,27.8,4.6,5207.2,351.7,42.3,2.3,2,0.0327
0.003,0.05,0.0007,0.0001,0.001,0.009,3.05,0.003,3.1168,36.3,-6.4,15.3,37,77.5,1457.6,4670,1103.1,11.7,2.1,5740.6,246.9,3.3,5.3,3,0.009
0.003,0.05,0.0007,0.0001,0.001,0.009,3.05,0.003,3.1168,32.3,-5.9,14.9,44.3,78.5,1913,4788.5,1515.4,17,3.3,4539.7,304.1,33.4,6.1,3,0.0304
0.003,0.05,0.0007,0.0001,0.001,0.009,3.05,0.003,3.1168,33.4,9.7,23.9,56.8,79.3,1706,5275.2,2302.3,29,4.5,5295.5,355.8,43.9,2.2,3,0.0439
0.003,0.05,0.0007,0.0001,0.001,0.009,3.05,0.003,3.1168,36.7,-5.3,15.5,33.5,75.8,1457.6,4339.2,1160.5,9.1,1.7,6274.2,272.9,2.8,4.3,7,0.0043
0.003,0.05,0.0007,0.0001,0.001,0.009,3.05,0.003,3.1168,32.4,-6.5,14.6,42.9,77.9,1952.9,4670.2,1687.1,20.8,3.1,4875.1,303.1,34.7,5.3,7,0.0293
0.003,0.05,0.0007,0.0001,0.001,0.009,3.05,0.003,3.1168,33.6,8.5,23.8,55.9,79.1,1775.4,5235.5,1914.5,33.5,4.3,5212,357.3,47.9,2.3,7,0.0449
0.003,0.05,0.0007,0.0001,0.001,0.009,3.05,0.003,3.1168,36.6,-4.4,15.3,26.9,74.6,1457.6,4088.1,1270.1,10.6,1.5,4182.8,181.9,2.8,3.7,10,0.0026
0.003,0.05,0.0007,0.0001,0.001,0.009,3.05,0.003,3.1168,32.6,-6.1,14.7,35.2,77.6,1894,4629.3,1791.1,23.6,3,4901.4,294,32,4.9,10,0.0247
0.003,0.05,0.0007,0.0001,0.001,0.009,3.05,0.003,3.1168,33.9,8.6,23.9,50,78.5,1759.4,5113.3,1898.7,32.3,4.2,5260.1,349.3,49.2,2.4,10,0.053
0.003,0.11,0.0003,0.001,0.001,0.009,5.03,0.003,5.1573,35,-7.2,14.5,37,77.5,1457.6,4670,1344.5,12,2.5,5740,246.9,3.3,5.3,1,0.0142
0.003,0.11,0.0003,0.001,0.001,0.009,5.03,0.003,5.1573,32.2,-5.5,15.3,50.5,79,1828.9,4908.6,1511.5,16.1,3.5,4193.3,301.7,32.3,5.1,1,0.0342
0.003,0.11,0.0003,0.001,0.001,0.009,5.03,0.003,5.1573,33.4,9.2,24,57,79,1701.4,5248.6,2314,20.9,4.7,5229,338.1,45.8,2.1,1,0.04
0.003,0.11,0.0003,0.001,0.001,0.009,5.03,0.003,5.1573,35.9,-6.3,15.1,37,77.5,1457.6,4670,1138.5,14,2.3,5740,246.9,3.3,5.3,2,0.0073
0.003,0.11,0.0003,0.001,0.001,0.009,5.03,0.003,5.1573,32.4,-5.5,15.1,45.7,78.7,1880.3,4835,1484.8,15.8,3.4,4352,307.2,31.2,5.5,2,0.021
0.003,0.11,0.0003,0.001,0.001,0.009,5.03,0.003,5.1573,33.2,9.8,23.9,58,79.7,1677.6,5369.8,2321,27.8,4.6,5207.2,351.7,42.3,2.3,2,0.0251
0.003,0.11,0.0003,0.001,0.001,0.009,5.03,0.003,5.1573,36.3,-6.4,15.3,37,77.5,1457.6,4670,1103.1,11.7,2.1,5740.6,246.9,3.3,5.3,3,0.0066
0.003,0.11,0.0003,0.001,0.001,0.009,5.03,0.003,5.1573,32.3,-5.9,14.9,44.3,78.5,1913,4788.5,1515.4,17,3.3,4539.7,304.1,33.4,6.1,3,0.0161
0.003,0.11,0.0003,0.001,0.001,0.009,5.03,0.003,5.1573,33.4,9.7,23.9,56.8,79.3,1706,5275.2,2302.3,29,4.5,5295.5,355.8,43.9,2.2,3,0.0608
0.003,0.11,0.0003,0.001,0.001,0.009,5.03,0.003,5.1573,36.7,-5.3,15.5,33.5,75.8,1457.6,4339.2,1160.5,9.1,1.7,6274.2,272.9,2.8,4.3,7,0.0031
0.003,0.11,0.0003,0.001,0.001,0.009,5.03,0.003,5.1573,32.4,-6.5,14.6,42.9,77.9,1952.9,4670.2,1687.1,20.8,3.1,4875.1,303.1,34.7,5.3,7,0.0109
0.003,0.11,0.0003,0.001,0.001,0.009,5.03,0.003,5.1573,33.6,8.5,23.8,55.9,79.1,1775.4,5235.5,1914.5,33.5,4.3,5212,357.3,47.9,2.3,7,0.0236
0.003,0.11,0.0003,0.001,0.001,0.009,5.03,0.003,5.1573,36.6,-4.4,15.3,26.9,74.6,1457.6,4088.1,1270.1,10.6,1.5,4182.8,181.9,2.8,3.7,10,0.0018
0.003,0.11,0.0003,0.001,0.001,0.009,5.03,0.003,5.1573,32.6,-6.1,14.7,35.2,77.6,1894,4629.3,1791.1,23.6,3,4901.4,294,32,4.9,10,0.0082
0.003,0.11,0.0003,0.001,0.001,0.009,5.03,0.003,5.1573,33.9,8.6,23.9,50,78.5,1759.4,5113.3,1898.7,32.3,4.2,5260.1,349.3,49.2,2.4,10,0.0226
0.003,0.12,0.0002,0.0003,0.001,0.009,9.03,0.003,9.1665,35,-7.2,14.5,37,77.5,1457.6,4670,1344.5,12,2.5,5740,246.9,3.3,5.3,1,0.0057
0.003,0.12,0.0002,0.0003,0.001,0.009,9.03,0.003,9.1665,32.2,-5.5,15.3,50.5,79,1828.9,4908.6,1511.5,16.1,3.5,4193.3,301.7,32.3,5.1,1,0.0177
0.003,0.12,0.0002,0.0003,0.001,0.009,9.03,0.003,9.1665,33.4,9.2,24,57,79,1701.4,5248.6,2314,20.9,4.7,5229,338.1,45.8,2.1,1,0.0236
0.003,0.12,0.0002,0.0003,0.001,0.009,9.03,0.003,9.1665,35.9,-6.3,15.1,37,77.5,1457.6,4670,1138.5,14,2.3,5740,246.9,3.3,5.3,2,0.0014
0.003,0.12,0.0002,0.0003,0.001,0.009,9.03,0.003,9.1665,32.4,-5.5,15.1,45.7,78.7,1880.3,4835,1484.8,15.8,3.4,4352,307.2,31.2,5.5,2,0.0071
0.003,0.12,0.0002,0.0003,0.001,0.009,9.03,0.003,9.1665,33.2,9.8,23.9,58,79.7,1677.6,5369.8,2321,27.8,4.6,5207.2,351.7,42.3,2.3,2,0.01
0.003,0.12,0.0002,0.0003,0.001,0.009,9.03,0.003,9.1665,36.3,-6.4,15.3,37,77.5,1457.6,4670,1103.1,11.7,2.1,5740.6,246.9,3.3,5.3,3,0.0008
0.003,0.12,0.0002,0.0003,0.001,0.009,9.03,0.003,9.1665,32.3,-5.9,14.9,44.3,78.5,1913,4788.5,1515.4,17,3.3,4539.7,304.1,33.4,6.1,3,0.0061
0.003,0.12,0.0002,0.0003,0.001,0.009,9.03,0.003,9.1665,33.4,9.7,23.9,56.8,79.3,1706,5275.2,2302.3,29,4.5,5295.5,355.8,43.9,2.2,3,0.0101
0.003,0.12,0.0002,0.0003,0.001,0.009,9.03,0.003,9.1665,36.7,-5.3,15.5,33.5,75.8,1457.6,4339.2,1160.5,9.1,1.7,6274.2,272.9,2.8,4.3,7,0.0011
0.003,0.12,0.0002,0.0003,0.001,0.009,9.03,0.003,9.1665,32.4,-6.5,14.6,42.9,77.9,1952.9,4670.2,1687.1,20.8,3.1,4875.1,303.1,34.7,5.3,7,0.0045
0.003,0.12,0.0002,0.0003,0.001,0.009,9.03,0.003,9.1665,33.6,8.5,23.8,55.9,79.1,1775.4,5235.5,1914.5,33.5,4.3,5212,357.3,47.9,2.3,7,0.0099
0.003,0.12,0.0002,0.0003,0.001,0.009,9.03,0.003,9.1665,36.6,-4.4,15.3,26.9,74.6,1457.6,4088.1,1270.1,10.6,1.5,4182.8,181.9,2.8,3.7,10,0.0003
0.003,0.12,0.0002,0.0003,0.001,0.009,9.03,0.003,9.1665,32.6,-6.1,14.7,35.2,77.6,1894,4629.3,1791.1,23.6,3,4901.4,294,32,4.9,10,0.0027
0.003,0.12,0.0002,0.0003,0.001,0.009,9.03,0.003,9.1665,33.9,8.6,23.9,50,78.5,1759.4,5113.3,1898.7,32.3,4.2,5260.1,349.3,49.2,2.4,10,0.0066
0.285,1.45,0.02,0.0039,0.001,0.009,0.05,0.003,1.8219,35,-7.2,14.5,37,77.5,1457.6,4670,1344.5,12,2.5,5740,246.9,3.3,5.3,1,0.0186
0.285,1.45,0.02,0.0039,0.001,0.009,0.05,0.003,1.8219,32.2,-5.5,15.3,50.5,79,1828.9,4908.6,1511.5,16.1,3.5,4193.3,301.7,32.3,5.1,1,0.1029
0.285,1.45,0.02,0.0039,0.001,0.009,0.05,0.003,1.8219,33.4,9.2,24,57,79,1701.4,5248.6,2314,20.9,4.7,5229,338.1,45.8,2.1,1,0.0404
0.285,1.45,0.02,0.0039,0.001,0.009,0.05,0.003,1.8219,35.9,-6.3,15.1,37,77.5,1457.6,4670,1138.5,14,2.3,5740,246.9,3.3,5.3,2,0.0146
0.285,1.45,0.02,0.0039,0.001,0.009,0.05,0.003,1.8219,32.4,-5.5,15.1,45.7,78.7,1880.3,4835,1484.8,15.8,3.4,4352,307.2,31.2,5.5,2,0.0351
0.285,1.45,0.02,0.0039,0.001,0.009,0.05,0.003,1.8219,33.2,9.8,23.9,58,79.7,1677.6,5369.8,2321,27.8,4.6,5207.2,351.7,42.3,2.3,2,0.0337
0.285,1.45,0.02,0.0039,0.001,0.009,0.05,0.003,1.8219,36.3,-6.4,15.3,37,77.5,1457.6,4670,1103.1,11.7,2.1,5740.6,246.9,3.3,5.3,3,0.014
0.285,1.45,0.02,0.0039,0.001,0.009,0.05,0.003,1.8219,32.3,-5.9,14.9,44.3,78.5,1913,4788.5,1515.4,17,3.3,4539.7,304.1,33.4,6.1,3,0.0469
0.285,1.45,0.02,0.0039,0.001,0.009,0.05,0.003,1.8219,33.4,9.7,23.9,56.8,79.3,1706,5275.2,2302.3,29,4.5,5295.5,355.8,43.9,2.2,3,0.0577
0.285,1.45,0.02,0.0039,0.001,0.009,0.05,0.003,1.8219,36.7,-5.3,15.5,33.5,75.8,1457.6,4339.2,1160.5,9.1,1.7,6274.2,272.9,2.8,4.3,7,0.0055
0.285,1.45,0.02,0.0039,0.001,0.009,0.05,0.003,1.8219,32.4,-6.5,14.6,42.9,77.9,1952.9,4670.2,1687.1,20.8,3.1,4875.1,303.1,34.7,5.3,7,0.0269
0.285,1.45,0.02,0.0039,0.001,0.009,0.05,0.003,1.8219,33.6,8.5,23.8,55.9,79.1,1775.4,5235.5,1914.5,33.5,4.3,5212,357.3,47.9,2.3,7,0.0988
0.285,1.45,0.02,0.0039,0.001,0.009,0.05,0.003,1.8219,36.6,-4.4,15.3,26.9,74.6,1457.6,4088.1,1270.1,10.6,1.5,4182.8,181.9,2.8,3.7,10,0.0043
0.285,1.45,0.02,0.0039,0.001,0.009,0.05,0.003,1.8219,32.6,-6.1,14.7,35.2,77.6,1894,4629.3,1791.1,23.6,3,4901.4,294,32,4.9,10,0.0172
0.285,1.45,0.02,0.0039,0.001,0.009,0.05,0.003,1.8219,33.9,8.6,23.9,50,78.5,1759.4,5113.3,1898.7,32.3,4.2,5260.1,349.3,49.2,2.4,10,0.1771
0.36,1.08,0.013,0.0076,0.001,0.34,0.51,0.08,2.3916,35,-7.2,14.5,37,77.5,1457.6,4670,1344.5,12,2.5,5740,246.9,3.3,5.3,1,0.0684
0.36,1.08,0.013,0.0076,0.001,0.34,0.51,0.08,2.3916,32.2,-5.5,15.3,50.5,79,1828.9,4908.6,1511.5,16.1,3.5,4193.3,301.7,32.3,5.1,1,0.0827
0.36,1.08,0.013,0.0076,0.001,0.34,0.51,0.08,2.3916,33.4,9.2,24,57,79,1701.4,5248.6,2314,20.9,4.7,5229,338.1,45.8,2.1,1,0.0742
0.36,1.08,0.013,0.0076,0.001,0.34,0.51,0.08,2.3916,35.9,-6.3,15.1,37,77.5,1457.6,4670,1138.5,14,2.3,5740,246.9,3.3,5.3,2,0.013
0.36,1.08,0.013,0.0076,0.001,0.34,0.51,0.08,2.3916,32.4,-5.5,15.1,45.7,78.7,1880.3,4835,1484.8,15.8,3.4,4352,307.2,31.2,5.5,2,0.0241
0.36,1.08,0.013,0.0076,0.001,0.34,0.51,0.08,2.3916,33.2,9.8,23.9,58,79.7,1677.6,5369.8,2321,27.8,4.6,5207.2,351.7,42.3,2.3,2,0.0284
0.36,1.08,0.013,0.0076,0.001,0.34,0.51,0.08,2.3916,36.3,-6.4,15.3,37,77.5,1457.6,4670,1103.1,11.7,2.1,5740.6,246.9,3.3,5.3,3,0.0115
0.36,1.08,0.013,0.0076,0.001,0.34,0.51,0.08,2.3916,32.3,-5.9,14.9,44.3,78.5,1913,4788.5,1515.4,17,3.3,4539.7,304.1,33.4,6.1,3,0.0233
0.36,1.08,0.013,0.0076,0.001,0.34,0.51,0.08,2.3916,33.4,9.7,23.9,56.8,79.3,1706,5275.2,2302.3,29,4.5,5295.5,355.8,43.9,2.2,3,0.0266
0.36,1.08,0.013,0.0076,0.001,0.34,0.51,0.08,2.3916,36.7,-5.3,15.5,33.5,75.8,1457.6,4339.2,1160.5,9.1,1.7,6274.2,272.9,2.8,4.3,7,0.007
0.36,1.08,0.013,0.0076,0.001,0.34,0.51,0.08,2.3916,32.4,-6.5,14.6,42.9,77.9,1952.9,4670.2,1687.1,20.8,3.1,4875.1,303.1,34.7,5.3,7,0.0173
0.36,1.08,0.013,0.0076,0.001,0.34,0.51,0.08,2.3916,33.6,8.5,23.8,55.9,79.1,1775.4,5235.5,1914.5,33.5,4.3,5212,357.3,47.9,2.3,7,0.0355
0.36,1.08,0.013,0.0076,0.001,0.34,0.51,0.08,2.3916,36.6,-4.4,15.3,26.9,74.6,1457.6,4088.1,1270.1,10.6,1.5,4182.8,181.9,2.8,3.7,10,0.0049
0.36,1.08,0.013,0.0076,0.001,0.34,0.51,0.08,2.3916,32.6,-6.1,14.7,35.2,77.6,1894,4629.3,1791.1,23.6,3,4901.4,294,32,4.9,10,0.0135
0.36,1.08,0.013,0.0076,0.001,0.34,0.51,0.08,2.3916,33.9,8.6,23.9,50,78.5,1759.4,5113.3,1898.7,32.3,4.2,5260.1,349.3,49.2,2.4,10,0.0453
0.22,0.39,0.1,0.0044,0.001,0.31,0.39,0.11,1.5254,35,-7.2,14.5,37,77.5,1457.6,4670,1344.5,12,2.5,5740,246.9,3.3,5.3,1,0.1305
0.22,0.39,0.1,0.0044,0.001,0.31,0.39,0.11,1.5254,32.2,-5.5,15.3,50.5,79,1828.9,4908.6,1511.5,16.1,3.5,4193.3,301.7,32.3,5.1,1,0.1012
0.22,0.39,0.1,0.0044,0.001,0.31,0.39,0.11,1.5254,33.4,9.2,24,57,79,1701.4,5248.6,2314,20.9,4.7,5229,338.1,45.8,2.1,1,0.1101
0.22,0.39,0.1,0.0044,0.001,0.31,0.39,0.11,1.5254,35.9,-6.3,15.1,37,77.5,1457.6,4670,1138.5,14,2.3,5740,246.9,3.3,5.3,2,0.007
0.22,0.39,0.1,0.0044,0.001,0.31,0.39,0.11,1.5254,32.4,-5.5,15.1,45.7,78.7,1880.3,4835,1484.8,15.8,3.4,4352,307.2,31.2,5.5,2,0.0238
0.22,0.39,0.1,0.0044,0.001,0.31,0.39,0.11,1.5254,33.2,9.8,23.9,58,79.7,1677.6,5369.8,2321,27.8,4.6,5207.2,351.7,42.3,2.3,2,0.025
0.22,0.39,0.1,0.0044,0.001,0.31,0.39,0.11,1.5254,36.3,-6.4,15.3,37,77.5,1457.6,4670,1103.1,11.7,2.1,5740.6,246.9,3.3,5.3,3,0.0174
0.22,0.39,0.1,0.0044,0.001,0.31,0.39,0.11,1.5254,32.3,-5.9,14.9,44.3,78.5,1913,4788.5,1515.4,17,3.3,4539.7,304.1,33.4,6.1,3,0.0434
0.22,0.39,0.1,0.0044,0.001,0.31,0.39,0.11,1.5254,33.4,9.7,23.9,56.8,79.3,1706,5275.2,2302.3,29,4.5,5295.5,355.8,43.9,2.2,3,0.0518
0.22,0.39,0.1,0.0044,0.001,0.31,0.39,0.11,1.5254,36.7,-5.3,15.5,33.5,75.8,1457.6,4339.2,1160.5,9.1,1.7,6274.2,272.9,2.8,4.3,7,0.0112
0.22,0.39,0.1,0.0044,0.001,0.31,0.39,0.11,1.5254,32.4,-6.5,14.6,42.9,77.9,1952.9,4670.2,1687.1,20.8,3.1,4875.1,303.1,34.7,5.3,7,0.0279
0.22,0.39,0.1,0.0044,0.001,0.31,0.39,0.11,1.5254,33.6,8.5,23.8,55.9,79.1,1775.4,5235.5,1914.5,33.5,4.3,5212,357.3,47.9,2.3,7,0.0427
0.22,0.39,0.1,0.0044,0.001,0.31,0.39,0.11,1.5254,36.6,-4.4,15.3,26.9,74.6,1457.6,4088.1,1270.1,10.6,1.5,4182.8,181.9,2.8,3.7,10,0.0045
0.22,0.39,0.1,0.0044,0.001,0.31,0.39,0.11,1.5254,32.6,-6.1,14.7,35.2,77.6,1894,4629.3,1791.1,23.6,3,4901.4,294,32,4.9,10,0.0172
0.22,0.39,0.1,0.0044,0.001,0.31,0.39,0.11,1.5254,33.9,8.6,23.9,50,78.5,1759.4,5113.3,1898.7,32.3,4.2,5260.1,349.3,49.2,2.4,10,0.1791
0.003,0.011,0.5,0.0004,0.001,0.009,0.005,0.003,0.5324,37,-3.8,16,23,74,1457.6,3992.6,1377.4,5.5,1.4,6618.5,296.7,2.4,3.1,1,0.0636
0.003,0.011,0.5,0.0004,0.001,0.009,0.005,0.003,0.5324,33,-8,14.4,47.5,78,1990.1,4748.3,2046.5,24.3,2.9,5216.1,302.9,42.1,4.6,1,0.1611
0.003,0.011,0.5,0.0004,0.001,0.009,0.005,0.003,0.5324,34.2,8.8,23.8,56,79,1898.9,5196.2,1410.8,36.2,4.2,5517.2,362.5,55.4,2.6,1,0.1568
0.003,0.011,0.5,0.0004,0.001,0.009,0.005,0.003,0.5324,36.8,-4.1,15.8,28.3,74,1457.6,3984.9,1263.7,6.2,1.3,6610.7,286.4,2.3,3.1,2,0.0216
0.003,0.011,0.5,0.0004,0.001,0.009,0.005,0.003,0.5324,32.6,-7.6,14.2,42.7,77.7,1993.9,4642.6,1955,25.4,2.9,5221.8,301.8,34.5,4.4,2,0.0623
0.003,0.011,0.5,0.0004,0.001,0.009,0.005,0.003,0.5324,34,7.8,23.7,55.3,79,1822.2,5195.4,1495.2,36.2,4.3,5110.6,354.8,54.3,2.7,2,0.0746
0.003,0.011,0.5,0.0004,0.001,0.009,0.005,0.003,0.5324,36.6,-4.4,15.7,25.5,74.5,1457.6,4072.3,1439.1,6.8,1.2,6610.7,286.4,2.3,2.9,3,0.0173
0.003,0.011,0.5,0.0004,0.001,0.009,0.005,0.003,0.5324,32.8,-7.5,14.4,36,78,1902.2,4720,2026.6,27.5,3.1,5078.5,293.2,33.1,4.2,3,0.0614
0.003,0.011,0.5,0.0004,0.001,0.009,0.005,0.003,0.5324,34.1,8.7,23.8,50.3,78.8,1781.9,5144.4,1589.9,34.5,4.3,5146.5,348.7,53.5,2.7,3,0.0661
0.003,0.011,0.5,0.0004,0.001,0.009,0.005,0.003,0.5324,36.6,-3.2,15.3,21,73,1457.6,3785.4,1413,10.5,1.1,6610.7,286.4,2.6,2.8,5,0.0065
0.003,0.011,0.5,0.0004,0.001,0.009,0.005,0.003,0.5324,32.8,-6.4,14.6,28.7,77.3,1865.5,4581.4,2011.8,28.2,2.9,5097.2,285.7,29.7,4.1,5,0.0129
0.003,0.011,0.5,0.0004,0.001,0.009,0.005,0.003,0.5324,34.2,8.4,23.9,44.8,78,1769.4,4991.3,1675.9,32.7,4.2,5249.5,341.4,53.4,2.6,5,0.0366
0.003,0.011,0.5,0.0004,0.001,0.009,0.005,0.003,0.5324,36.4,-4.7,14.9,16.8,72.8,1457.6,3701.5,1367.3,14.2,1.5,6610.7,286.4,2.3,2.3,10,0.0041
0.003,0.011,0.5,0.0004,0.001,0.009,0.005,0.003,0.5324,32.7,-6.1,14.7,23.5,78.1,1889.2,4723.3,1914.4,26.4,2.9,5129.6,282.3,26.6,3.5,10,0.0088
0.003,0.011,0.5,0.0004,0.001,0.009,0.005,0.003,0.5324,34.3,8.5,24,40.3,78.2,1739.7,5031.6,1812.5,32.3,4.1,5331.3,336.9,49,2.2,10,0.0316
0.003,0.031,0.99,0.0005,0.001,0.015,0.005,0.003,1.0485,37,-3.8,16,23,74,1457.6,3992.6,1377.4,5.5,1.4,6618.5,296.7,2.4,3.1,1,0.0871
0.003,0.031,0.99,0.0005,0.001,0.015,0.005,0.003,1.0485,33,-8,14.4,47.5,78,1990.1,4748.3,2046.5,24.3,2.9,5216.1,302.9,42.1,4.6,1,0.12
0.003,0.031,0.99,0.0005,0.001,0.015,0.005,0.003,1.0485,34.2,8.8,23.8,56,79,1898.9,5196.2,1410.8,36.2,4.2,5517.2,362.5,55.4,2.6,1,0.1165
0.003,0.031,0.99,0.0005,0.001,0.015,0.005,0.003,1.0485,36.8,-4.1,15.8,28.3,74,1457.6,3984.9,1263.7,6.2,1.3,6610.7,286.4,2.3,3.1,2,0.0246
0.003,0.031,0.99,0.0005,0.001,0.015,0.005,0.003,1.0485,32.6,-7.6,14.2,42.7,77.7,1993.9,4642.6,1955,25.4,2.9,5221.8,301.8,34.5,4.4,2,0.0525
0.003,0.031,0.99,0.0005,0.001,0.015,0.005,0.003,1.0485,34,7.8,23.7,55.3,79,1822.2,5195.4,1495.2,36.2,4.3,5110.6,354.8,54.3,2.7,2,0.1003
0.003,0.031,0.99,0.0005,0.001,0.015,0.005,0.003,1.0485,36.6,-4.4,15.7,25.5,74.5,1457.6,4072.3,1439.1,6.8,1.2,6610.7,286.4,2.3,2.9,3,0.0271
0.003,0.031,0.99,0.0005,0.001,0.015,0.005,0.003,1.0485,32.8,-7.5,14.4,36,78,1902.2,4720,2026.6,27.5,3.1,5078.5,293.2,33.1,4.2,3,0.059
0.003,0.031,0.99,0.0005,0.001,0.015,0.005,0.003,1.0485,34.1,8.7,23.8,50.3,78.8,1781.9,5144.4,1589.9,34.5,4.3,5146.5,348.7,53.5,2.7,3,0.0648
0.003,0.031,0.99,0.0005,0.001,0.015,0.005,0.003,1.0485,36.6,-3.2,15.3,21,73,1457.6,3785.4,1413,10.5,1.1,6610.7,286.4,2.6,2.8,5,0.0055
0.003,0.031,0.99,0.0005,0.001,0.015,0.005,0.003,1.0485,32.8,-6.4,14.6,28.7,77.3,1865.5,4581.4,2011.8,28.2,2.9,5097.2,285.7,29.7,4.1,5,0.0096
0.003,0.031,0.99,0.0005,0.001,0.015,0.005,0.003,1.0485,34.2,8.4,23.9,44.8,78,1769.4,4991.3,1675.9,32.7,4.2,5249.5,341.4,53.4,2.6,5,0.021
0.003,0.031,0.99,0.0005,0.001,0.015,0.005,0.003,1.0485,36.4,-4.7,14.9,16.8,72.8,1457.6,3701.5,1367.3,14.2,1.5,6610.7,286.4,2.3,2.3,10,0.0037
0.003,0.031,0.99,0.0005,0.001,0.015,0.005,0.003,1.0485,32.7,-6.1,14.7,23.5,78.1,1889.2,4723.3,1914.4,26.4,2.9,5129.6,282.3,26.6,3.5,10,0.0063
0.003,0.031,0.99,0.0005,0.001,0.015,0.005,0.003,1.0485,34.3,8.5,24,40.3,78.2,1739.7,5031.6,1812.5,32.3,4.1,5331.3,336.9,49,2.2,10,0.0165
0.003,0.054,1.48,0.0004,0.001,0.021,0.005,0.003,1.5674,37,-3.8,16,23,74,1457.6,3992.6,1377.4,5.5,1.4,6618.5,296.7,2.4,3.1,1,0.1237
0.003,0.054,1.48,0.0004,0.001,0.021,0.005,0.003,1.5674,33,-8,14.4,47.5,78,1990.1,4748.3,2046.5,24.3,2.9,5216.1,302.9,42.1,4.6,1,0.1053
0.003,0.054,1.48,0.0004,0.001,0.021,0.005,0.003,1.5674,34.2,8.8,23.8,56,79,1898.9,5196.2,1410.8,36.2,4.2,5517.2,362.5,55.4,2.6,1,0.1766
0.003,0.054,1.48,0.0004,0.001,0.021,0.005,0.003,1.5674,36.8,-4.1,15.8,28.3,74,1457.6,3984.9,1263.7,6.2,1.3,6610.7,286.4,2.3,3.1,2,0.0327
0.003,0.054,1.48,0.0004,0.001,0.021,0.005,0.003,1.5674,32.6,-7.6,14.2,42.7,77.7,1993.9,4642.6,1955,25.4,2.9,5221.8,301.8,34.5,4.4,2,0.0764
0.003,0.054,1.48,0.0004,0.001,0.021,0.005,0.003,1.5674,34,7.8,23.7,55.3,79,1822.2,5195.4,1495.2,36.2,4.3,5110.6,354.8,54.3,2.7,2,0.1031
0.003,0.054,1.48,0.0004,0.001,0.021,0.005,0.003,1.5674,36.6,-4.4,15.7,25.5,74.5,1457.6,4072.3,1439.1,6.8,1.2,6610.7,286.4,2.3,2.9,3,0.0298
0.003,0.054,1.48,0.0004,0.001,0.021,0.005,0.003,1.5674,32.8,-7.5,14.4,36,78,1902.2,4720,2026.6,27.5,3.1,5078.5,293.2,33.1,4.2,3,0.0929
0.003,0.054,1.48,0.0004,0.001,0.021,0.005,0.003,1.5674,34.1,8.7,23.8,50.3,78.8,1781.9,5144.4,1589.9,34.5,4.3,5146.5,348.7,53.5,2.7,3,0.1242
0.003,0.054,1.48,0.0004,0.001,0.021,0.005,0.003,1.5674,36.6,-3.2,15.3,21,73,1457.6,3785.4,1413,10.5,1.1,6610.7,286.4,2.6,2.8,5,0.0046
0.003,0.054,1.48,0.0004,0.001,0.021,0.005,0.003,1.5674,32.8,-6.4,14.6,28.7,77.3,1865.5,4581.4,2011.8,28.2,2.9,5097.2,285.7,29.7,4.1,5,0.0098
0.003,0.054,1.48,0.0004,0.001,0.021,0.005,0.003,1.5674,34.2,8.4,23.9,44.8,78,1769.4,4991.3,1675.9,32.7,4.2,5249.5,341.4,53.4,2.6,5,0.0198
0.003,0.054,1.48,0.0004,0.001,0.021,0.005,0.003,1.5674,36.4,-4.7,14.9,16.8,72.8,1457.6,3701.5,1367.3,14.2,1.5,6610.7,286.4,2.3,2.3,10,0.0033
0.003,0.054,1.48,0.0004,0.001,0.021,0.005,0.003,1.5674,32.7,-6.1,14.7,23.5,78.1,1889.2,4723.3,1914.4,26.4,2.9,5129.6,282.3,26.6,3.5,10,0.0065
0.003,0.054,1.48,0.0004,0.001,0.021,0.005,0.003,1.5674,34.3,8.5,24,40.3,78.2,1739.7,5031.6,1812.5,32.3,4.1,5331.3,336.9,49,2.2,10,0.0139
0.003,0.003,0.0002,0.0001,0.001,1,0.005,0.003,1.0153,37,-3.8,16,23,74,1457.6,3992.6,1377.4,5.5,1.4,6618.5,296.7,2.4,3.1,1,0.0131
0.003,0.003,0.0002,0.0001,0.001,1,0.005,0.003,1.0153,33,-8,14.4,47.5,78,1990.1,4748.3,2046.5,24.3,2.9,5216.1,302.9,42.1,4.6,1,0.0354
0.003,0.003,0.0002,0.0001,0.001,1,0.005,0.003,1.0153,34.2,8.8,23.8,56,79,1898.9,5196.2,1410.8,36.2,4.2,5517.2,362.5,55.4,2.6,1,0.0596
0.003,0.003,0.0002,0.0001,0.001,1,0.005,0.003,1.0153,36.8,-4.1,15.8,28.3,74,1457.6,3984.9,1263.7,6.2,1.3,6610.7,286.4,2.3,3.1,2,0.0097
0.003,0.003,0.0002,0.0001,0.001,1,0.005,0.003,1.0153,32.6,-7.6,14.2,42.7,77.7,1993.9,4642.6,1955,25.4,2.9,5221.8,301.8,34.5,4.4,2,0.0272
0.003,0.003,0.0002,0.0001,0.001,1,0.005,0.003,1.0153,34,7.8,23.7,55.3,79,1822.2,5195.4,1495.2,36.2,4.3,5110.6,354.8,54.3,2.7,2,0.055
0.003,0.003,0.0002,0.0001,0.001,1,0.005,0.003,1.0153,36.6,-4.4,15.7,25.5,74.5,1457.6,4072.3,1439.1,6.8,1.2,6610.7,286.4,2.3,2.9,3,0.0087
0.003,0.003,0.0002,0.0001,0.001,1,0.005,0.003,1.0153,32.8,-7.5,14.4,36,78,1902.2,4720,2026.6,27.5,3.1,5078.5,293.2,33.1,4.2,3,0.0229
0.003,0.003,0.0002,0.0001,0.001,1,0.005,0.003,1.0153,34.1,8.7,23.8,50.3,78.8,1781.9,5144.4,1589.9,34.5,4.3,5146.5,348.7,53.5,2.7,3,0.0616
0.003,0.003,0.0002,0.0001,0.001,1,0.005,0.003,1.0153,36.6,-3.2,15.3,21,73,1457.6,3785.4,1413,10.5,1.1,6610.7,286.4,2.6,2.8,5,0.0061
0.003,0.003,0.0002,0.0001,0.001,1,0.005,0.003,1.0153,32.8,-6.4,14.6,28.7,77.3,1865.5,4581.4,2011.8,28.2,2.9,5097.2,285.7,29.7,4.1,5,0.0184
0.003,0.003,0.0002,0.0001,0.001,1,0.005,0.003,1.0153,34.2,8.4,23.9,44.8,78,1769.4,4991.3,1675.9,32.7,4.2,5249.5,341.4,53.4,2.6,5,0.0531
0.003,0.003,0.0002,0.0001,0.001,1,0.005,0.003,1.0153,36.4,-4.7,14.9,16.8,72.8,1457.6,3701.5,1367.3,14.2,1.5,6610.7,286.4,2.3,2.3,10,0.0039
0.003,0.003,0.0002,0.0001,0.001,1,0.005,0.003,1.0153,32.7,-6.1,14.7,23.5,78.1,1889.2,4723.3,1914.4,26.4,2.9,5129.6,282.3,26.6,3.5,10,0.0135
0.003,0.003,0.0002,0.0001,0.001,1,0.005,0.003,1.0153,34.3,8.5,24,40.3,78.2,1739.7,5031.6,1812.5,32.3,4.1,5331.3,336.9,49,2.2,10,0.0594
0.003,0.003,0.0002,0.0001,0.001,1.98,0.005,0.003,1.9953,37,-3.8,16,23,74,1457.6,3992.6,1377.4,5.5,1.4,6618.5,296.7,2.4,3.1,1,0.0131
0.003,0.003,0.0002,0.0001,0.001,1.98,0.005,0.003,1.9953,33,-8,14.4,47.5,78,1990.1,4748.3,2046.5,24.3,2.9,5216.1,302.9,42.1,4.6,1,0.0339
0.003,0.003,0.0002,0.0001,0.001,1.98,0.005,0.003,1.9953,34.2,8.8,23.8,56,79,1898.9,5196.2,1410.8,36.2,4.2,5517.2,362.5,55.4,2.6,1,0.0558
0.003,0.003,0.0002,0.0001,0.001,1.98,0.005,0.003,1.9953,36.8,-4.1,15.8,28.3,74,1457.6,3984.9,1263.7,6.2,1.3,6610.7,286.4,2.3,3.1,2,0.0093
0.003,0.003,0.0002,0.0001,0.001,1.98,0.005,0.003,1.9953,32.6,-7.6,14.2,42.7,77.7,1993.9,4642.6,1955,25.4,2.9,5221.8,301.8,34.5,4.4,2,0.0253
0.003,0.003,0.0002,0.0001,0.001,1.98,0.005,0.003,1.9953,34,7.8,23.7,55.3,79,1822.2,5195.4,1495.2,36.2,4.3,5110.6,354.8,54.3,2.7,2,0.0472
0.003,0.003,0.0002,0.0001,0.001,1.98,0.005,0.003,1.9953,36.6,-4.4,15.7,25.5,74.5,1457.6,4072.3,1439.1,6.8,1.2,6610.7,286.4,2.3,2.9,3,0.0078
0.003,0.003,0.0002,0.0001,0.001,1.98,0.005,0.003,1.9953,32.8,-7.5,14.4,36,78,1902.2,4720,2026.6,27.5,3.1,5078.5,293.2,33.1,4.2,3,0.0207
0.003,0.003,0.0002,0.0001,0.001,1.98,0.005,0.003,1.9953,34.1,8.7,23.8,50.3,78.8,1781.9,5144.4,1589.9,34.5,4.3,5146.5,348.7,53.5,2.7,3,0.0597
0.003,0.003,0.0002,0.0001,0.001,1.98,0.005,0.003,1.9953,36.6,-3.2,15.3,21,73,1457.6,3785.4,1413,10.5,1.1,6610.7,286.4,2.6,2.8,5,0.0055
0.003,0.003,0.0002,0.0001,0.001,1.98,0.005,0.003,1.9953,32.8,-6.4,14.6,28.7,77.3,1865.5,4581.4,2011.8,28.2,2.9,5097.2,285.7,29.7,4.1,5,0.0158
0.003,0.003,0.0002,0.0001,0.001,1.98,0.005,0.003,1.9953,34.2,8.4,23.9,44.8,78,1769.4,4991.3,1675.9,32.7,4.2,5249.5,341.4,53.4,2.6,5,0.0545
0.003,0.003,0.0002,0.0001,0.001,1.98,0.005,0.003,1.9953,36.4,-4.7,14.9,16.8,72.8,1457.6,3701.5,1367.3,14.2,1.5,6610.7,286.4,2.3,2.3,10,0.0035
0.003,0.003,0.0002,0.0001,0.001,1.98,0.005,0.003,1.9953,32.7,-6.1,14.7,23.5,78.1,1889.2,4723.3,1914.4,26.4,2.9,5129.6,282.3,26.6,3.5,10,0.0108
0.003,0.003,0.0002,0.0001,0.001,1.98,0.005,0.003,1.9953,34.3,8.5,24,40.3,78.2,1739.7,5031.6,1812.5,32.3,4.1,5331.3,336.9,49,2.2,10,0.0431
0.003,0.003,0.0002,0.0001,0.001,2.97,0.005,0.003,2.9853,37,-3.8,16,23,74,1457.6,3992.6,1377.4,5.5,1.4,6618.5,296.7,2.4,3.1,1,0.0165
0.003,0.003,0.0002,0.0001,0.001,2.97,0.005,0.003,2.9853,33,-8,14.4,47.5,78,1990.1,4748.3,2046.5,24.3,2.9,5216.1,302.9,42.1,4.6,1,0.0375
0.003,0.003,0.0002,0.0001,0.001,2.97,0.005,0.003,2.9853,34.2,8.8,23.8,56,79,1898.9,5196.2,1410.8,36.2,4.2,5517.2,362.5,55.4,2.6,1,0.0548
0.003,0.003,0.0002,0.0001,0.001,2.97,0.005,0.003,2.9853,36.8,-4.1,15.8,28.3,74,1457.6,3984.9,1263.7,6.2,1.3,6610.7,286.4,2.3,3.1,2,0.0118
0.003,0.003,0.0002,0.0001,0.001,2.97,0.005,0.003,2.9853,32.6,-7.6,14.2,42.7,77.7,1993.9,4642.6,1955,25.4,2.9,5221.8,301.8,34.5,4.4,2,0.0279
0.003,0.003,0.0002,0.0001,0.001,2.97,0.005,0.003,2.9853,34,7.8,23.7,55.3,79,1822.2,5195.4,1495.2,36.2,4.3,5110.6,354.8,54.3,2.7,2,0.0457
0.003,0.003,0.0002,0.0001,0.001,2.97,0.005,0.003,2.9853,36.6,-4.4,15.7,25.5,74.5,1457.6,4072.3,1439.1,6.8,1.2,6610.7,286.4,2.3,2.9,3,0.0101
0.003,0.003,0.0002,0.0001,0.001,2.97,0.005,0.003,2.9853,32.8,-7.5,14.4,36,78,1902.2,4720,2026.6,27.5,3.1,5078.5,293.2,33.1,4.2,3,0.0216
0.003,0.003,0.0002,0.0001,0.001,2.97,0.005,0.003,2.9853,34.1,8.7,23.8,50.3,78.8,1781.9,5144.4,1589.9,34.5,4.3,5146.5,348.7,53.5,2.7,3,0.0581
0.003,0.003,0.0002,0.0001,0.001,2.97,0.005,0.003,2.9853,36.6,-3.2,15.3,21,73,1457.6,3785.4,1413,10.5,1.1,6610.7,286.4,2.6,2.8,5,0.0069
0.003,0.003,0.0002,0.0001,0.001,2.97,0.005,0.003,2.9853,32.8,-6.4,14.6,28.7,77.3,1865.5,4581.4,2011.8,28.2,2.9,5097.2,285.7,29.7,4.1,5,0.0158
0.003,0.003,0.0002,0.0001,0.001,2.97,0.005,0.003,2.9853,34.2,8.4,23.9,44.8,78,1769.4,4991.3,1675.9,32.7,4.2,5249.5,341.4,53.4,2.6,5,0.049
0.003,0.003,0.0002,0.0001,0.001,2.97,0.005,0.003,2.9853,36.4,-4.7,14.9,16.8,72.8,1457.6,3701.5,1367.3,14.2,1.5,6610.7,286.4,2.3,2.3,10,0.0043
0.003,0.003,0.0002,0.0001,0.001,2.97,0.005,0.003,2.9853,32.7,-6.1,14.7,23.5,78.1,1889.2,4723.3,1914.4,26.4,2.9,5129.6,282.3,26.6,3.5,10,0.011
0.003,0.003,0.0002,0.0001,0.001,2.97,0.005,0.003,2.9853,34.3,8.5,24,40.3,78.2,1739.7,5031.6,1812.5,32.3,4.1,5331.3,336.9,49,2.2,10,0.0434
0.25,1.35,0.012,0.003,0.001,0.009,0.04,0.003,1.668,37.4,-3.9,15.9,29.3,75.3,1457.6,4241.8,1278.2,6.2,1.4,6522.9,292.5,2.5,3.53,2,0.0189
0.25,1.35,0.012,0.003,0.001,0.009,0.04,0.003,1.668,32.6,-7.2,14.4,44.3,77.3,1989.8,4592.2,1887.7,23.6,2.9,5203,302.8,41.5,4.7,2,0.0301
0.25,1.35,0.012,0.003,0.001,0.009,0.04,0.003,1.668,33.9,7.8,23.8,55.3,79,1903.6,5196.4,1481,38.7,4,5405.6,365.2,51.9,2.23,2,0.0637
0.25,1.35,0.012,0.003,0.001,0.009,0.04,0.003,1.668,37.1,-4.2,15.8,31.8,75,1457.6,4173.8,1217.8,6.6,1.4,6541,285.9,2.4,3.45,3,0.018
0.25,1.35,0.012,0.003,0.001,0.009,0.04,0.003,1.668,32.4,-7.1,14.3,41.5,77.3,1992.7,4552,1858.8,24.6,2.9,5210.6,302.1,36,4.53,3,0.0321
0.25,1.35,0.012,0.003,0.001,0.009,0.04,0.003,1.668,33.9,7.3,23.7,55,79,1844.9,5195.8,1526.8,38.1,4.1,5128.6,358.8,52,2.43,3,0.12
0.25,1.35,0.012,0.003,0.001,0.009,0.04,0.003,1.668,37.1,-3.8,15.6,26.2,74.3,1457.6,4037.9,1392.8,7.9,1.2,6541,285.9,2.6,3.18,5,0.0096
0.25,1.35,0.012,0.003,0.001,0.009,0.04,0.003,1.668,32.8,-6.6,14.6,32.7,77.3,1906.5,4580.4,1941,26.2,2.9,5123.9,292.1,32.3,4.27,5,0.02
0.25,1.35,0.012,0.003,0.001,0.009,0.04,0.003,1.668,34.1,7.8,23.8,48.8,78.5,1789.7,5093.7,1652.7,36.1,4.2,5181.2,347.2,52.2,2.43,5,0.0703
0.25,1.35,0.012,0.003,0.001,0.009,0.04,0.003,1.668,36.7,-3,15.3,22.4,73.4,1457.6,3855.5,1331.3,11.7,1.1,6541,285.9,2.5,2.9,7,0.0079
0.25,1.35,0.012,0.003,0.001,0.009,0.04,0.003,1.668,32.4,-6,14.6,28.4,77.1,1842.7,4533.1,1944.6,27,2.8,5066,283.9,30.6,4.1,7,0.0168
0.25,1.35,0.012,0.003,0.001,0.009,0.04,0.003,1.668,34.2,8,24,44.3,77.8,1795.7,4942,1674.2,33.7,4.1,5314.9,345.6,51.1,2.3,7,0.097
0.26,1.01,0.011,0.005,0.001,0.32,0.48,0.1,2.187,37.4,-3.9,15.9,29.3,75.3,1457.6,4241.8,1278.2,6.2,1.4,6522.9,292.5,2.5,3.53,2,0.0149
0.26,1.01,0.011,0.005,0.001,0.32,0.48,0.1,2.187,32.6,-7.2,14.4,44.3,77.3,1989.8,4592.2,1887.7,23.6,2.9,5203,302.8,41.5,4.7,2,0.0256
0.26,1.01,0.011,0.005,0.001,0.32,0.48,0.1,2.187,33.9,7.8,23.8,55.3,79,1903.6,5196.4,1481,38.7,4,5405.6,365.2,51.9,2.23,2,0.0437
0.26,1.01,0.011,0.005,0.001,0.32,0.48,0.1,2.187,37.1,-4.2,15.8,31.8,75,1457.6,4173.8,1217.8,6.6,1.4,6541,285.9,2.4,3.45,3,0.0142
0.26,1.01,0.011,0.005,0.001,0.32,0.48,0.1,2.187,32.4,-7.1,14.3,41.5,77.3,1992.7,4552,1858.8,24.6,2.9,5210.6,302.1,36,4.53,3,0.0219
0.26,1.01,0.011,0.005,0.001,0.32,0.48,0.1,2.187,33.9,7.3,23.7,55,79,1844.9,5195.8,1526.8,38.1,4.1,5128.6,358.8,52,2.43,3,0.0677
0.26,1.01,0.011,0.005,0.001,0.32,0.48,0.1,2.187,37.1,-3.8,15.6,26.2,74.3,1457.6,4037.9,1392.8,7.9,1.2,6541,285.9,2.6,3.18,5,0.0078
0.26,1.01,0.011,0.005,0.001,0.32,0.48,0.1,2.187,32.8,-6.6,14.6,32.7,77.3,1906.5,4580.4,1941,26.2,2.9,5123.9,292.1,32.3,4.27,5,0.0168
0.26,1.01,0.011,0.005,0.001,0.32,0.48,0.1,2.187,34.1,7.8,23.8,48.8,78.5,1789.7,5093.7,1652.7,36.1,4.2,5181.2,347.2,52.2,2.43,5,0.0333
0.26,1.01,0.011,0.005,0.001,0.32,0.48,0.1,2.187,36.7,-3,15.3,22.4,73.4,1457.6,3855.5,1331.3,11.7,1.1,6541,285.9,2.5,2.9,7,0.006
0.26,1.01,0.011,0.005,0.001,0.32,0.48,0.1,2.187,32.4,-6,14.6,28.4,77.1,1842.7,4533.1,1944.6,27,2.8,5066,283.9,30.6,4.1,7,0.0134
0.26,1.01,0.011,0.005,0.001,0.32,0.48,0.1,2.187,34.2,8,24,44.3,77.8,1795.7,4942,1674.2,33.7,4.1,5314.9,345.6,51.1,2.3,7,0.0324
0.43,0.38,0.102,0.005,0.001,0.3,0.67,0.18,2.068,37.4,-3.9,15.9,29.3,75.3,1457.6,4241.8,1278.2,6.2,1.4,6522.9,292.5,2.5,3.53,2,0.022
0.43,0.38,0.102,0.005,0.001,0.3,0.67,0.18,2.068,32.6,-7.2,14.4,44.3,77.3,1989.8,4592.2,1887.7,23.6,2.9,5203,302.8,41.5,4.7,2,0.0237
0.43,0.38,0.102,0.005,0.001,0.3,0.67,0.18,2.068,33.9,7.8,23.8,55.3,79,1903.6,5196.4,1481,38.7,4,5405.6,365.2,51.9,2.23,2,0.1007
0.43,0.38,0.102,0.005,0.001,0.3,0.67,0.18,2.068,37.1,-4.2,15.8,31.8,75,1457.6,4173.8,1217.8,6.6,1.4,6541,285.9,2.4,3.45,3,0.0257
0.43,0.38,0.102,0.005,0.001,0.3,0.67,0.18,2.068,32.4,-7.1,14.3,41.5,77.3,1992.7,4552,1858.8,24.6,2.9,5210.6,302.1,36,4.53,3,0.0369
0.43,0.38,0.102,0.005,0.001,0.3,0.67,0.18,2.068,33.9,7.3,23.7,55,79,1844.9,5195.8,1526.8,38.1,4.1,5128.6,358.8,52,2.43,3,0.0801
0.43,0.38,0.102,0.005,0.001,0.3,0.67,0.18,2.068,37.1,-3.8,15.6,26.2,74.3,1457.6,4037.9,1392.8,7.9,1.2,6541,285.9,2.6,3.18,5,0.0066
0.43,0.38,0.102,0.005,0.001,0.3,0.67,0.18,2.068,32.8,-6.6,14.6,32.7,77.3,1906.5,4580.4,1941,26.2,2.9,5123.9,292.1,32.3,4.27,5,0.0129
0.43,0.38,0.102,0.005,0.001,0.3,0.67,0.18,2.068,34.1,7.8,23.8,48.8,78.5,1789.7,5093.7,1652.7,36.1,4.2,5181.2,347.2,52.2,2.43,5,0.0247
0.43,0.38,0.102,0.005,0.001,0.3,0.67,0.18,2.068,36.7,-3,15.3,22.4,73.4,1457.6,3855.5,1331.3,11.7,1.1,6541,285.9,2.5,2.9,7,0.0049
0.43,0.38,0.102,0.005,0.001,0.3,0.67,0.18,2.068,32.4,-6,14.6,28.4,77.1,1842.7,4533.1,1944.6,27,2.8,5066,283.9,30.6,4.1,7,0.0099
0.43,0.38,0.102,0.005,0.001,0.3,0.67,0.18,2.068,34.2,8,24,44.3,77.8,1795.7,4942,1674.2,33.7,4.1,5314.9,345.6,51.1,2.3,7,0.0218
